{
  "capacity": 2,
  "alpha": 0.5,
  "beta": 5.0,
  "metrics": {
    "alpha=1.0": {
      "obj": 22255.961588541668,
      "reg": 0.0
    },
    "alpha=0.5": {
      "obj": 22255.962239583332,
      "reg": 0.0
    },
    "alpha=0.1": {
      "obj": 22255.962239583332,
      "reg": 0.0
    }
  },
  "DFL_losses": [
    13004.22998046875,
    20811.990234375,
    0.0,
    10642.3701171875,
    19457.0419921875,
    7683.044921875,
    3841.5224609375,
    7807.759765625,
    24778.2265625,
    0.0,
    24778.2265625,
    7807.759765625,
    5321.18505859375,
    20811.990234375,
    0.0,
    14483.892578125,
    5321.18505859375,
    0.0,
    9162.70703125,
    18450.1298828125,
    20936.70458984375,
    20811.990234375,
    13004.22998046875,
    9162.70703125,
    10642.3701171875,
    11649.2822265625,
    20936.70458984375,
    7807.759765625,
    0.0,
    0.0
  ],
  "NLL_losses": [
    36.69554615020752,
    15.351644039154053,
    26.664256811141968,
    13.528836250305176,
    19.221959114074707,
    23.354924201965332,
    26.49638843536377,
    28.86105442047119,
    30.00887966156006,
    30.854811668395996,
    31.223249435424805,
    31.276342391967773,
    30.769794464111328,
    30.127456665039062,
    29.269973754882812,
    28.331128120422363,
    27.02672290802002,
    25.77873706817627,
    24.231143951416016,
    22.73894691467285,
    21.00097942352295,
    19.23751926422119,
    17.38917827606201,
    15.457581520080566,
    13.451898574829102,
    11.380627632141113,
    9.154386043548584,
    6.815244197845459,
    4.403403043746948,
    1.9928942918777466
  ]
}